time,open,high,low,close,tickVolume
2024-08-08 09:00:00+00:00,1.09364,1.09391,1.08911,1.08972,22832
2024-08-08 13:00:00+00:00,1.08973,1.09141,1.08809,1.09081,32202
2024-08-08 17:00:00+00:00,1.09083,1.09187,1.09067,1.09183,16994
2024-08-08 21:00:00+00:00,1.09146,1.0919,1.09109,1.09124,7766
2024-08-09 01:00:00+00:00,1.09125,1.0924,1.09113,1.09197,8822
2024-08-09 05:00:00+00:00,1.09197,1.09286,1.09125,1.0917,15980
2024-08-09 09:00:00+00:00,1.0917,1.09253,1.09086,1.09113,16102
2024-08-09 13:00:00+00:00,1.09113,1.09309,1.09093,1.09182,18440
2024-08-09 17:00:00+00:00,1.09183,1.09231,1.09145,1.09156,13113
2024-08-11 21:00:00+00:00,1.09146,1.09194,1.09096,1.09178,4298
2024-08-12 01:00:00+00:00,1.09178,1.09226,1.09123,1.09186,5190
2024-08-12 05:00:00+00:00,1.09186,1.0928,1.09152,1.09202,12515
2024-08-12 09:00:00+00:00,1.09202,1.09294,1.09171,1.09195,11926
2024-08-12 13:00:00+00:00,1.09196,1.09388,1.09146,1.09224,22794
2024-08-12 17:00:00+00:00,1.09223,1.09345,1.09217,1.09315,10259
2024-08-12 21:00:00+00:00,1.09299,1.0936,1.09274,1.09295,4371
2024-08-13 01:00:00+00:00,1.09295,1.09389,1.09288,1.09388,5282
2024-08-13 05:00:00+00:00,1.09389,1.09407,1.09201,1.09229,12013
2024-08-13 09:00:00+00:00,1.09226,1.0946,1.09132,1.09403,17080
2024-08-13 13:00:00+00:00,1.09403,1.09734,1.09375,1.09716,28026
2024-08-13 17:00:00+00:00,1.0972,1.09992,1.09691,1.09924,23650
2024-08-13 21:00:00+00:00,1.09779,1.0998,1.09779,1.09913,5496
2024-08-14 01:00:00+00:00,1.09912,1.0996,1.09882,1.09925,8182
2024-08-14 05:00:00+00:00,1.09925,1.10194,1.09858,1.10189,14119
2024-08-14 09:00:00+00:00,1.10186,1.10346,1.1003,1.10163,19408
2024-08-14 13:00:00+00:00,1.10164,1.10467,1.10148,1.10178,24152
2024-08-14 17:00:00+00:00,1.10177,1.10179,1.10102,1.1012,11398
2024-08-14 21:00:00+00:00,1.10112,1.10148,1.10087,1.10091,3575
2024-08-15 01:00:00+00:00,1.1009,1.10116,1.10027,1.10112,6160
2024-08-15 05:00:00+00:00,1.10111,1.10151,1.10048,1.10057,10448
2024-08-15 09:00:00+00:00,1.10053,1.10138,1.09515,1.0956,15500
2024-08-15 13:00:00+00:00,1.09561,1.0989,1.0949,1.09774,25152
2024-08-15 17:00:00+00:00,1.09775,1.09794,1.09701,1.09708,9803
2024-08-15 21:00:00+00:00,1.09704,1.09766,1.097,1.09754,4183
2024-08-16 01:00:00+00:00,1.09754,1.09821,1.09739,1.09815,5485
2024-08-16 05:00:00+00:00,1.09815,1.09892,1.09763,1.09803,10788
2024-08-16 09:00:00+00:00,1.09803,1.09944,1.09781,1.09935,13577
2024-08-16 13:00:00+00:00,1.09935,1.10038,1.09821,1.10033,19740
2024-08-16 17:00:00+00:00,1.10033,1.10292,1.10033,1.10262,12360
2024-08-18 21:00:00+00:00,1.10267,1.10356,1.10161,1.10299,6141
2024-08-19 01:00:00+00:00,1.10298,1.10413,1.10272,1.10392,7474
2024-08-19 05:00:00+00:00,1.10393,1.10502,1.10351,1.10367,15448
2024-08-19 09:00:00+00:00,1.10367,1.10439,1.10304,1.10384,15956
2024-08-19 13:00:00+00:00,1.10385,1.10734,1.10296,1.1073,22105
2024-08-19 17:00:00+00:00,1.10728,1.10857,1.10699,1.10847,11167
2024-08-19 21:00:00+00:00,1.10812,1.10871,1.10794,1.10815,5145
2024-08-20 01:00:00+00:00,1.10814,1.10866,1.10744,1.10765,8775
2024-08-20 05:00:00+00:00,1.10766,1.10884,1.10713,1.10788,16177
2024-08-20 09:00:00+00:00,1.1079,1.10983,1.10744,1.10979,15837
2024-08-20 13:00:00+00:00,1.10979,1.11187,1.10921,1.11145,28697
2024-08-20 17:00:00+00:00,1.11144,1.11299,1.11083,1.1129,13833
2024-08-20 21:00:00+00:00,1.11251,1.11322,1.11245,1.11271,5708
2024-08-21 01:00:00+00:00,1.11271,1.11275,1.11163,1.11187,7487
2024-08-21 05:00:00+00:00,1.11187,1.11283,1.11099,1.11179,15178
2024-08-21 09:00:00+00:00,1.11178,1.11295,1.11095,1.11245,15204
2024-08-21 13:00:00+00:00,1.11248,1.11477,1.10982,1.11458,35577
2024-08-21 17:00:00+00:00,1.11459,1.11736,1.1145,1.11498,13905
2024-08-21 21:00:00+00:00,1.11477,1.11576,1.11423,1.11473,5100
2024-08-22 01:00:00+00:00,1.11473,1.11489,1.11399,1.11429,5980
2024-08-22 05:00:00+00:00,1.11429,1.11637,1.11269,1.11421,16133
2024-08-22 09:00:00+00:00,1.11422,1.11456,1.11243,1.11399,18117
2024-08-22 13:00:00+00:00,1.11398,1.1141,1.10975,1.111,25770
2024-08-22 17:00:00+00:00,1.11099,1.11128,1.1098,1.11103,11530
2024-08-22 21:00:00+00:00,1.11109,1.11219,1.11066,1.11192,5056
2024-08-23 01:00:00+00:00,1.11191,1.11281,1.11176,1.11273,7369
2024-08-23 05:00:00+00:00,1.11273,1.11314,1.1112,1.11221,12833
2024-08-23 09:00:00+00:00,1.11222,1.11268,1.11105,1.11136,14296
2024-08-23 13:00:00+00:00,1.11137,1.11956,1.11049,1.11735,37573
2024-08-23 17:00:00+00:00,1.11734,1.12005,1.11726,1.11929,14394
2024-08-25 21:00:00+00:00,1.11852,1.12011,1.11852,1.11933,7477
2024-08-26 01:00:00+00:00,1.11933,1.11998,1.11813,1.11828,8702
2024-08-26 05:00:00+00:00,1.11829,1.11888,1.11753,1.118,15307
2024-08-26 09:00:00+00:00,1.118,1.11823,1.11579,1.11609,18434
2024-08-26 13:00:00+00:00,1.11608,1.11786,1.11495,1.11708,24620
2024-08-26 17:00:00+00:00,1.11707,1.1175,1.11581,1.11606,12553
2024-08-26 21:00:00+00:00,1.11604,1.11664,1.11586,1.11604,4077
2024-08-27 01:00:00+00:00,1.11605,1.11701,1.11592,1.11678,5922
2024-08-27 05:00:00+00:00,1.11678,1.11734,1.11608,1.1166,15504
2024-08-27 09:00:00+00:00,1.11659,1.11782,1.11495,1.11579,18224
2024-08-27 13:00:00+00:00,1.11578,1.11712,1.1152,1.11652,23192
2024-08-27 17:00:00+00:00,1.11651,1.11899,1.11638,1.11836,11463
2024-08-27 21:00:00+00:00,1.11779,1.1185,1.1174,1.11793,4370
2024-08-28 01:00:00+00:00,1.11793,1.11794,1.11578,1.11591,7251
2024-08-28 05:00:00+00:00,1.11591,1.11603,1.11346,1.11408,18439
2024-08-28 09:00:00+00:00,1.11409,1.1145,1.11044,1.11113,21335
2024-08-28 13:00:00+00:00,1.11114,1.11372,1.11097,1.11143,27015
2024-08-28 17:00:00+00:00,1.11142,1.11197,1.11049,1.11194,12809
2024-08-28 21:00:00+00:00,1.1119,1.1132,1.11162,1.11309,4072
2024-08-29 01:00:00+00:00,1.11309,1.11366,1.11269,1.11351,5576
2024-08-29 05:00:00+00:00,1.11351,1.11394,1.10714,1.10841,20588
2024-08-29 09:00:00+00:00,1.10841,1.10994,1.10724,1.10836,22751
2024-08-29 13:00:00+00:00,1.10837,1.1089,1.10551,1.10811,28969
2024-08-29 17:00:00+00:00,1.10812,1.10849,1.10741,1.10775,16413
2024-08-29 21:00:00+00:00,1.10764,1.10827,1.10737,1.10801,4194
2024-08-30 01:00:00+00:00,1.108,1.10816,1.10692,1.10735,6369
2024-08-30 05:00:00+00:00,1.10736,1.10945,1.10728,1.10737,15120
2024-08-30 09:00:00+00:00,1.1074,1.10878,1.10571,1.10676,21340
2024-08-30 13:00:00+00:00,1.10677,1.10798,1.10429,1.1049,33800
2024-08-30 17:00:00+00:00,1.10487,1.10562,1.10469,1.10479,13556
2024-09-01 21:00:00+00:00,1.1046,1.10552,1.10415,1.1053,4322
2024-09-02 01:00:00+00:00,1.10531,1.10551,1.10433,1.10479,6878
2024-09-02 05:00:00+00:00,1.1048,1.10769,1.10449,1.1067,14496
2024-09-02 09:00:00+00:00,1.10669,1.10723,1.1058,1.10674,14665
2024-09-02 13:00:00+00:00,1.10676,1.10715,1.10595,1.10653,11227
2024-09-02 17:00:00+00:00,1.10653,1.10722,1.10653,1.10718,1292
2024-09-02 21:00:00+00:00,1.10655,1.10722,1.10584,1.106,3748
2024-09-03 01:00:00+00:00,1.10602,1.10697,1.10536,1.10537,8046
2024-09-03 05:00:00+00:00,1.10537,1.10672,1.10475,1.10481,17695
2024-09-03 09:00:00+00:00,1.10481,1.10523,1.10328,1.10477,21450
2024-09-03 13:00:00+00:00,1.10481,1.10689,1.10356,1.10389,31621
2024-09-03 17:00:00+00:00,1.1039,1.10439,1.1026,1.1043,11117
2024-09-03 21:00:00+00:00,1.10386,1.10509,1.1035,1.10477,6928
2024-09-04 01:00:00+00:00,1.10476,1.10564,1.1047,1.10556,7701
2024-09-04 05:00:00+00:00,1.10557,1.10624,1.10464,1.10512,17502
2024-09-04 09:00:00+00:00,1.10515,1.10581,1.10395,1.10521,15949
2024-09-04 13:00:00+00:00,1.10521,1.10947,1.10495,1.1084,27898
2024-09-04 17:00:00+00:00,1.10837,1.10856,1.10649,1.10824,11595
2024-09-04 21:00:00+00:00,1.1083,1.1086,1.10752,1.10787,5816
2024-09-05 01:00:00+00:00,1.10788,1.10851,1.10743,1.10765,7117
2024-09-05 05:00:00+00:00,1.10765,1.10998,1.10762,1.10983,15912
2024-09-05 09:00:00+00:00,1.10983,1.11191,1.10867,1.10918,21566
2024-09-05 13:00:00+00:00,1.10919,1.11079,1.10757,1.11004,28808
2024-09-05 17:00:00+00:00,1.11005,1.11129,1.10991,1.11101,10330
2024-09-05 21:00:00+00:00,1.11092,1.11141,1.11067,1.11129,3980
2024-09-06 01:00:00+00:00,1.11129,1.11172,1.11087,1.11155,5241
2024-09-06 05:00:00+00:00,1.11155,1.11205,1.11102,1.11165,14007
2024-09-06 09:00:00+00:00,1.11167,1.11548,1.10705,1.11206,24803
2024-09-06 13:00:00+00:00,1.11204,1.11347,1.10651,1.10763,55738
2024-09-06 17:00:00+00:00,1.10764,1.1089,1.1069,1.10853,16519
2024-09-08 21:00:00+00:00,1.10766,1.10907,1.10766,1.10828,7058
2024-09-09 01:00:00+00:00,1.10828,1.10905,1.10741,1.10752,6670
2024-09-09 05:00:00+00:00,1.10752,1.10754,1.1045,1.1047,16300
2024-09-09 09:00:00+00:00,1.1047,1.10587,1.10353,1.10391,16979
2024-09-09 13:00:00+00:00,1.10392,1.10517,1.10337,1.10483,20315
2024-09-09 17:00:00+00:00,1.10483,1.10533,1.10334,1.10343,9693
2024-09-09 21:00:00+00:00,1.10283,1.10392,1.10278,1.10302,3558
2024-09-10 01:00:00+00:00,1.10303,1.10401,1.10301,1.10396,4150
2024-09-10 05:00:00+00:00,1.10396,1.10491,1.10331,1.10373,11045
2024-09-10 09:00:00+00:00,1.10374,1.10434,1.10261,1.10293,12094
2024-09-10 13:00:00+00:00,1.10293,1.10344,1.10147,1.10262,17097
2024-09-10 17:00:00+00:00,1.10262,1.10274,1.10178,1.10185,7634
2024-09-10 21:00:00+00:00,1.10115,1.10233,1.10115,1.10197,3275
2024-09-11 01:00:00+00:00,1.10197,1.10466,1.10178,1.10462,9269
2024-09-11 05:00:00+00:00,1.10461,1.10516,1.10361,1.10432,12669
2024-09-11 09:00:00+00:00,1.10434,1.10544,1.10029,1.10158,22159
2024-09-11 13:00:00+00:00,1.10159,1.10258,1.10015,1.10154,28509
2024-09-11 17:00:00+00:00,1.10154,1.10261,1.10105,1.10108,10797
2024-09-11 21:00:00+00:00,1.10053,1.10146,1.10043,1.10064,3118
2024-09-12 01:00:00+00:00,1.10063,1.10164,1.10061,1.10159,4574
2024-09-12 05:00:00+00:00,1.10158,1.10234,1.1005,1.10151,11654
2024-09-12 09:00:00+00:00,1.1015,1.10321,1.10089,1.10247,18233
2024-09-12 13:00:00+00:00,1.10247,1.10476,1.10241,1.10457,22343
2024-09-12 17:00:00+00:00,1.10457,1.10747,1.1042,1.10742,14741
2024-09-12 21:00:00+00:00,1.10633,1.10869,1.10633,1.10867,4562
2024-09-13 01:00:00+00:00,1.10868,1.10897,1.10789,1.1084,6807
2024-09-13 05:00:00+00:00,1.1084,1.10936,1.10726,1.10923,12127
2024-09-13 09:00:00+00:00,1.10924,1.11004,1.10788,1.10925,16484
2024-09-13 13:00:00+00:00,1.10926,1.11014,1.10764,1.10835,24491
2024-09-13 17:00:00+00:00,1.10835,1.10855,1.10723,1.10741,8156
2024-09-15 21:00:00+00:00,1.10751,1.10919,1.10741,1.1089,4181
2024-09-16 01:00:00+00:00,1.10889,1.11044,1.10862,1.10967,5588
2024-09-16 05:00:00+00:00,1.10966,1.11257,1.10952,1.11223,11339
2024-09-16 09:00:00+00:00,1.11224,1.11323,1.11154,1.11245,14633
2024-09-16 13:00:00+00:00,1.11247,1.11371,1.11162,1.11285,17757
2024-09-16 17:00:00+00:00,1.11285,1.1133,1.11157,1.11315,8198
2024-09-16 21:00:00+00:00,1.11315,1.11319,1.11215,1.11225,4037
2024-09-17 01:00:00+00:00,1.11224,1.11292,1.11214,1.1124,4862
2024-09-17 05:00:00+00:00,1.1124,1.11458,1.11153,1.11442,11660
2024-09-17 09:00:00+00:00,1.11444,1.11444,1.11174,1.11243,19241
2024-09-17 13:00:00+00:00,1.11244,1.11278,1.11112,1.11189,24698
2024-09-17 17:00:00+00:00,1.11188,1.11231,1.11105,1.11135,11014
2024-09-17 21:00:00+00:00,1.11121,1.11282,1.11109,1.11265,3470
2024-09-18 01:00:00+00:00,1.11266,1.113,1.11195,1.11196,4528
2024-09-18 05:00:00+00:00,1.11195,1.11328,1.11148,1.11292,12465
2024-09-18 09:00:00+00:00,1.11291,1.11394,1.11174,1.11218,11809
2024-09-18 13:00:00+00:00,1.11218,1.11393,1.11078,1.11238,16899
2024-09-18 17:00:00+00:00,1.11237,1.11887,1.10962,1.11173,57389
2024-09-18 21:00:00+00:00,1.11173,1.11235,1.10784,1.10811,8856
2024-09-19 01:00:00+00:00,1.10811,1.11209,1.10681,1.11197,13724
2024-09-19 05:00:00+00:00,1.11197,1.11687,1.11196,1.11623,20902
2024-09-19 09:00:00+00:00,1.11622,1.11783,1.11252,1.11255,25591
2024-09-19 13:00:00+00:00,1.11255,1.1158,1.1116,1.11551,29749
2024-09-19 17:00:00+00:00,1.1155,1.11675,1.11519,1.11611,11423
2024-09-19 21:00:00+00:00,1.11608,1.11623,1.11539,1.116,3735
2024-09-20 01:00:00+00:00,1.116,1.11688,1.11568,1.11645,7921
2024-09-20 05:00:00+00:00,1.11645,1.11814,1.11519,1.11639,18738
2024-09-20 09:00:00+00:00,1.11641,1.11764,1.11536,1.11739,14773
2024-09-20 13:00:00+00:00,1.11738,1.11757,1.11356,1.11733,30129
2024-09-20 17:00:00+00:00,1.11732,1.11738,1.11556,1.11625,12373
2024-09-22 21:00:00+00:00,1.11569,1.11643,1.11545,1.11584,4001
2024-09-23 01:00:00+00:00,1.11583,1.11645,1.11553,1.11631,5079
2024-09-23 05:00:00+00:00,1.11631,1.11668,1.10827,1.10919,21741
2024-09-23 09:00:00+00:00,1.1092,1.11254,1.10916,1.1122,17198
2024-09-23 13:00:00+00:00,1.11221,1.1143,1.11147,1.11247,26259
2024-09-23 17:00:00+00:00,1.11248,1.11281,1.11093,1.11101,10769
2024-09-23 21:00:00+00:00,1.11101,1.11147,1.11039,1.11054,4149
2024-09-24 01:00:00+00:00,1.11054,1.11173,1.11029,1.11163,7338
2024-09-24 05:00:00+00:00,1.11165,1.11445,1.11039,1.11397,17280
2024-09-24 09:00:00+00:00,1.11395,1.11474,1.11215,1.11404,15284
2024-09-24 13:00:00+00:00,1.11404,1.1163,1.1132,1.1158,24598
2024-09-24 17:00:00+00:00,1.1158,1.11806,1.11542,1.1179,8732
2024-09-24 21:00:00+00:00,1.11785,1.11935,1.1168,1.11928,4934
2024-09-25 01:00:00+00:00,1.11929,1.11983,1.11847,1.11953,7654
2024-09-25 05:00:00+00:00,1.11953,1.1196,1.11817,1.11844,14189
2024-09-25 09:00:00+00:00,1.11844,1.12074,1.11777,1.11973,16076
2024-09-25 13:00:00+00:00,1.11973,1.12135,1.11323,1.1134,26188
2024-09-25 17:00:00+00:00,1.1134,1.11384,1.1121,1.11321,11107
2024-09-25 21:00:00+00:00,1.11316,1.11366,1.11285,1.11361,2455
2024-09-26 01:00:00+00:00,1.11362,1.11448,1.11312,1.11412,6172
2024-09-26 05:00:00+00:00,1.11411,1.11576,1.11253,1.1141,17465
2024-09-26 09:00:00+00:00,1.1141,1.1165,1.1137,1.11506,22827
2024-09-26 13:00:00+00:00,1.11506,1.11888,1.11252,1.11688,31087
2024-09-26 17:00:00+00:00,1.11687,1.11837,1.11679,1.11755,12399
2024-09-26 21:00:00+00:00,1.11757,1.11783,1.11672,1.11688,7278
2024-09-27 01:00:00+00:00,1.11686,1.11728,1.1162,1.11642,8104
2024-09-27 05:00:00+00:00,1.11641,1.11757,1.11244,1.1144,26488
2024-09-27 09:00:00+00:00,1.1144,1.12013,1.11367,1.11994,21712
2024-09-27 13:00:00+00:00,1.11992,1.12025,1.11458,1.11512,29175
2024-09-27 17:00:00+00:00,1.11513,1.11674,1.11499,1.11587,11345
2024-09-29 21:00:00+00:00,1.11515,1.11734,1.11515,1.11704,5747
2024-09-30 01:00:00+00:00,1.11704,1.11722,1.11558,1.11613,7595
2024-09-30 05:00:00+00:00,1.11614,1.12085,1.11556,1.12052,16249
2024-09-30 09:00:00+00:00,1.12052,1.12054,1.11827,1.11893,15469
2024-09-30 13:00:00+00:00,1.11894,1.11908,1.11345,1.11479,27862
2024-09-30 17:00:00+00:00,1.11479,1.11623,1.11133,1.11346,20123
2024-09-30 21:00:00+00:00,1.11339,1.11422,1.11233,1.11318,5090
2024-10-01 01:00:00+00:00,1.11318,1.1143,1.11309,1.11401,6522
2024-10-01 05:00:00+00:00,1.11402,1.11437,1.10975,1.11026,20725
2024-10-01 09:00:00+00:00,1.11025,1.11142,1.10696,1.10707,20734
2024-10-01 13:00:00+00:00,1.10707,1.10864,1.10478,1.10539,36741
2024-10-01 17:00:00+00:00,1.10537,1.10769,1.10454,1.10669,17316
2024-10-01 21:00:00+00:00,1.10613,1.10715,1.10593,1.10651,4312
2024-10-02 01:00:00+00:00,1.10652,1.10735,1.106,1.10626,8079
2024-10-02 05:00:00+00:00,1.10625,1.10825,1.10536,1.10719,16610
2024-10-02 09:00:00+00:00,1.1072,1.10769,1.10505,1.10533,17684
2024-10-02 13:00:00+00:00,1.10533,1.10652,1.10322,1.10463,22528
2024-10-02 17:00:00+00:00,1.10463,1.1053,1.10363,1.10446,9848
2024-10-02 21:00:00+00:00,1.10434,1.1049,1.10367,1.10387,4676
2024-10-03 01:00:00+00:00,1.10386,1.10403,1.10316,1.10325,6668
2024-10-03 05:00:00+00:00,1.10326,1.10457,1.10243,1.10371,18810
2024-10-03 09:00:00+00:00,1.10369,1.10466,1.10277,1.10316,19704
2024-10-03 13:00:00+00:00,1.10315,1.10434,1.10078,1.103,33729
2024-10-03 17:00:00+00:00,1.103,1.10356,1.10245,1.10291,9927
2024-10-03 21:00:00+00:00,1.10282,1.10391,1.10282,1.10342,4151
2024-10-04 01:00:00+00:00,1.10342,1.10357,1.10248,1.10272,8198
2024-10-04 05:00:00+00:00,1.10272,1.10352,1.10206,1.10251,14345
2024-10-04 09:00:00+00:00,1.1025,1.10363,1.09587,1.09603,23374
2024-10-04 13:00:00+00:00,1.09603,1.09813,1.09508,1.09592,29308
2024-10-04 17:00:00+00:00,1.09593,1.09773,1.09573,1.09753,9032
2024-10-06 21:00:00+00:00,1.09629,1.0975,1.09628,1.09695,6649
2024-10-07 01:00:00+00:00,1.09694,1.09772,1.09678,1.0968,8282
2024-10-07 05:00:00+00:00,1.09679,1.09785,1.09577,1.09696,16421
2024-10-07 09:00:00+00:00,1.09696,1.09831,1.09537,1.09767,18279
2024-10-07 13:00:00+00:00,1.09767,1.09844,1.09691,1.09833,20879
2024-10-07 17:00:00+00:00,1.09832,1.09865,1.09652,1.09737,10240
2024-10-07 21:00:00+00:00,1.09653,1.09834,1.09653,1.09813,5523
2024-10-08 01:00:00+00:00,1.09813,1.09864,1.09723,1.09851,11307
2024-10-08 05:00:00+00:00,1.0985,1.09967,1.0978,1.09934,16005
2024-10-08 09:00:00+00:00,1.09934,1.09943,1.0971,1.09754,14183
2024-10-08 13:00:00+00:00,1.09752,1.09836,1.09604,1.09752,17954
2024-10-08 17:00:00+00:00,1.09752,1.09801,1.09653,1.09801,9329
2024-10-08 21:00:00+00:00,1.09714,1.09806,1.09594,1.09751,4787
2024-10-09 01:00:00+00:00,1.0975,1.09769,1.09617,1.09628,9786
2024-10-09 05:00:00+00:00,1.0963,1.09757,1.09505,1.09574,18296
2024-10-09 09:00:00+00:00,1.09574,1.09703,1.09522,1.09563,12741
2024-10-09 13:00:00+00:00,1.09562,1.09594,1.09391,1.09411,17517
2024-10-09 17:00:00+00:00,1.09411,1.09422,1.09357,1.09393,8491
2024-10-09 21:00:00+00:00,1.09371,1.09425,1.09369,1.094,4336
2024-10-10 01:00:00+00:00,1.094,1.09456,1.09379,1.09405,7514
2024-10-10 05:00:00+00:00,1.09406,1.09427,1.09278,1.09325,12228
2024-10-10 09:00:00+00:00,1.09325,1.09546,1.09079,1.09436,22826
2024-10-10 13:00:00+00:00,1.09437,1.09493,1.09027,1.09056,31436
2024-10-10 17:00:00+00:00,1.09057,1.09372,1.08997,1.0936,12431
2024-10-10 21:00:00+00:00,1.09229,1.09375,1.09228,1.0937,3649
2024-10-11 01:00:00+00:00,1.0937,1.09402,1.09291,1.09352,5664
2024-10-11 05:00:00+00:00,1.09351,1.09533,1.09317,1.0949,10428
2024-10-11 09:00:00+00:00,1.09489,1.09506,1.09256,1.09326,14698
2024-10-11 13:00:00+00:00,1.09326,1.0952,1.09275,1.09444,18455
2024-10-11 17:00:00+00:00,1.09445,1.0947,1.0932,1.09349,5702
2024-10-13 21:00:00+00:00,1.0932,1.09333,1.09149,1.0921,4254
2024-10-14 01:00:00+00:00,1.0921,1.09288,1.09174,1.09232,6377
2024-10-14 05:00:00+00:00,1.09234,1.09312,1.0922,1.09265,10297
2024-10-14 09:00:00+00:00,1.09265,1.09362,1.09068,1.09091,11519
2024-10-14 13:00:00+00:00,1.09091,1.09268,1.09004,1.09011,15766
2024-10-14 17:00:00+00:00,1.09011,1.09089,1.08878,1.09086,7283
2024-10-14 21:00:00+00:00,1.09041,1.091,1.09035,1.09068,3674
2024-10-15 01:00:00+00:00,1.09068,1.09084,1.0891,1.08925,6224
2024-10-15 05:00:00+00:00,1.08925,1.09158,1.08845,1.091,13925
2024-10-15 09:00:00+00:00,1.09099,1.09146,1.08968,1.09095,15343
2024-10-15 13:00:00+00:00,1.09097,1.09163,1.08889,1.08889,18103
2024-10-15 17:00:00+00:00,1.08889,1.0892,1.08814,1.08907,9226
2024-10-15 21:00:00+00:00,1.08852,1.08929,1.08817,1.08849,3529
2024-10-16 01:00:00+00:00,1.0885,1.08952,1.08838,1.08889,7003
2024-10-16 05:00:00+00:00,1.08889,1.08898,1.08748,1.08828,15055
2024-10-16 09:00:00+00:00,1.08828,1.09011,1.08821,1.08885,12750
2024-10-16 13:00:00+00:00,1.08887,1.0897,1.08656,1.08678,16309
2024-10-16 17:00:00+00:00,1.08679,1.0868,1.08528,1.08615,7969
2024-10-16 21:00:00+00:00,1.08609,1.08695,1.085,1.08627,4653
2024-10-17 01:00:00+00:00,1.08627,1.08646,1.08507,1.08529,7857
2024-10-17 05:00:00+00:00,1.08529,1.08579,1.08485,1.08513,11963
2024-10-17 09:00:00+00:00,1.08513,1.08734,1.08329,1.08424,18201
2024-10-17 13:00:00+00:00,1.08425,1.08442,1.08105,1.08243,26070
2024-10-17 17:00:00+00:00,1.08244,1.08316,1.08205,1.083,7234
2024-10-17 21:00:00+00:00,1.08214,1.08328,1.08213,1.08285,4016
2024-10-18 01:00:00+00:00,1.08284,1.08401,1.08271,1.08401,7780
2024-10-18 05:00:00+00:00,1.08403,1.08482,1.0834,1.08374,12991
2024-10-18 09:00:00+00:00,1.08374,1.08597,1.08337,1.08588,12866
2024-10-18 13:00:00+00:00,1.0859,1.08678,1.08507,1.08662,13836
2024-10-18 17:00:00+00:00,1.08662,1.08691,1.08586,1.0867,7830
2024-10-20 21:00:00+00:00,1.086,1.08714,1.0848,1.08644,4770
2024-10-21 01:00:00+00:00,1.08645,1.08678,1.08578,1.08583,9300
2024-10-21 05:00:00+00:00,1.08582,1.08631,1.08458,1.08549,11212
2024-10-21 09:00:00+00:00,1.08548,1.08586,1.08441,1.0857,11904
2024-10-21 13:00:00+00:00,1.0857,1.08576,1.08166,1.08181,15243
2024-10-21 17:00:00+00:00,1.08181,1.08225,1.08106,1.08142,9314
2024-10-21 21:00:00+00:00,1.08143,1.08179,1.08121,1.08157,4750
2024-10-22 01:00:00+00:00,1.08158,1.08209,1.08146,1.082,8418
2024-10-22 05:00:00+00:00,1.08198,1.08377,1.08177,1.08265,11927
2024-10-22 09:00:00+00:00,1.08265,1.08302,1.08106,1.08112,13461
2024-10-22 13:00:00+00:00,1.08112,1.08181,1.08004,1.08071,18009
2024-10-22 17:00:00+00:00,1.08072,1.08083,1.07922,1.07982,7448
2024-10-22 21:00:00+00:00,1.07934,1.08003,1.07889,1.07949,3475
2024-10-23 01:00:00+00:00,1.07949,1.08048,1.07933,1.08017,9687
2024-10-23 05:00:00+00:00,1.08017,1.08063,1.07789,1.07877,13857
2024-10-23 09:00:00+00:00,1.07877,1.07889,1.07608,1.07739,14796
2024-10-23 13:00:00+00:00,1.07739,1.07858,1.0769,1.07726,16961
2024-10-23 17:00:00+00:00,1.07727,1.07861,1.07668,1.07817,10940
2024-10-23 21:00:00+00:00,1.07722,1.07894,1.07722,1.07883,4948
2024-10-24 01:00:00+00:00,1.07883,1.07932,1.07807,1.07926,8966
2024-10-24 05:00:00+00:00,1.07927,1.08077,1.07701,1.08027,19366
2024-10-24 09:00:00+00:00,1.08026,1.08048,1.07881,1.07961,17179
2024-10-24 13:00:00+00:00,1.0796,1.08109,1.07947,1.08103,20207
2024-10-24 17:00:00+00:00,1.08103,1.08294,1.08102,1.08276,8722
2024-10-24 21:00:00+00:00,1.08259,1.08283,1.08196,1.08212,4415
2024-10-25 01:00:00+00:00,1.08213,1.08271,1.08196,1.08215,7541
2024-10-25 05:00:00+00:00,1.08214,1.08368,1.08132,1.08234,13102
2024-10-25 09:00:00+00:00,1.08234,1.08388,1.08206,1.0838,11794
2024-10-25 13:00:00+00:00,1.08381,1.08382,1.0802,1.08047,17018
2024-10-25 17:00:00+00:00,1.08048,1.08062,1.07926,1.07943,9010
2024-10-27 21:00:00+00:00,1.07927,1.08011,1.07864,1.07937,7162
2024-10-28 01:00:00+00:00,1.07933,1.07955,1.07817,1.07872,9007
2024-10-28 05:00:00+00:00,1.07871,1.08209,1.07815,1.08186,11469
2024-10-28 09:00:00+00:00,1.08187,1.08258,1.0808,1.08151,11847
2024-10-28 13:00:00+00:00,1.0815,1.08272,1.08132,1.0815,15161
2024-10-28 17:00:00+00:00,1.0815,1.08186,1.08095,1.08117,8611
2024-10-28 21:00:00+00:00,1.08115,1.08189,1.08053,1.08153,3646
2024-10-29 01:00:00+00:00,1.08152,1.08177,1.08056,1.08084,8536
2024-10-29 05:00:00+00:00,1.08083,1.082,1.08051,1.0818,11273
2024-10-29 09:00:00+00:00,1.0818,1.08259,1.07716,1.0777,16657
2024-10-29 13:00:00+00:00,1.0777,1.08117,1.07684,1.07985,28422
2024-10-29 17:00:00+00:00,1.07985,1.08179,1.07976,1.08176,11841
2024-10-29 21:00:00+00:00,1.08059,1.08256,1.08059,1.08214,4252
2024-10-30 01:00:00+00:00,1.08214,1.08254,1.08126,1.08162,8402
2024-10-30 05:00:00+00:00,1.08163,1.08442,1.08136,1.0835,12190
2024-10-30 09:00:00+00:00,1.08361,1.0859,1.08074,1.08135,21336
2024-10-30 13:00:00+00:00,1.08136,1.08664,1.08109,1.08605,26392
2024-10-30 17:00:00+00:00,1.08604,1.08708,1.08532,1.08564,10803
2024-10-30 21:00:00+00:00,1.0851,1.08597,1.0851,1.08529,4457
2024-10-31 01:00:00+00:00,1.08528,1.08577,1.08437,1.08473,9005
2024-10-31 05:00:00+00:00,1.08472,1.08631,1.08462,1.08559,13479
2024-10-31 09:00:00+00:00,1.08558,1.08862,1.08537,1.08794,19564
2024-10-31 13:00:00+00:00,1.08793,1.08877,1.08458,1.08577,31940
2024-10-31 17:00:00+00:00,1.08577,1.08845,1.08549,1.08832,13434
2024-10-31 21:00:00+00:00,1.08794,1.0887,1.08794,1.08861,4658
2024-11-01 01:00:00+00:00,1.08861,1.08882,1.08747,1.08767,8253
2024-11-01 05:00:00+00:00,1.08768,1.08776,1.08568,1.0862,11171
2024-11-01 09:00:00+00:00,1.0862,1.09054,1.08519,1.08857,20250
2024-11-01 13:00:00+00:00,1.08856,1.08893,1.08458,1.0852,28094
2024-11-01 17:00:00+00:00,1.08519,1.08524,1.08314,1.08339,10477
2024-11-03 22:00:00+00:00,1.08779,1.08909,1.08694,1.08879,9634
2024-11-04 02:00:00+00:00,1.08878,1.09045,1.08844,1.08985,10809
2024-11-04 06:00:00+00:00,1.08986,1.09017,1.08868,1.08957,15084
2024-11-04 10:00:00+00:00,1.08958,1.09142,1.08929,1.09047,13708
2024-11-04 14:00:00+00:00,1.09046,1.09093,1.08794,1.08882,19538
2024-11-04 18:00:00+00:00,1.08883,1.08888,1.08734,1.08767,8749
2024-11-04 22:00:00+00:00,1.08709,1.0879,1.08709,1.08771,4401
2024-11-05 02:00:00+00:00,1.08772,1.08796,1.0874,1.08782,6125
2024-11-05 06:00:00+00:00,1.08781,1.08972,1.08766,1.08914,10319
2024-11-05 10:00:00+00:00,1.08915,1.09013,1.08891,1.08923,10246
2024-11-05 14:00:00+00:00,1.08923,1.093,1.08898,1.09297,20541
2024-11-05 18:00:00+00:00,1.09298,1.0936,1.09237,1.09291,9965
2024-11-05 22:00:00+00:00,1.09244,1.09367,1.08211,1.0836,35963
2024-11-06 02:00:00+00:00,1.08359,1.08389,1.07183,1.07595,58297
2024-11-06 06:00:00+00:00,1.07597,1.07811,1.07025,1.07548,46754
2024-11-06 10:00:00+00:00,1.07547,1.07614,1.06821,1.07095,38422
2024-11-06 14:00:00+00:00,1.07095,1.07448,1.06979,1.07268,37785
2024-11-06 18:00:00+00:00,1.07269,1.07577,1.07258,1.07285,18660
2024-11-06 22:00:00+00:00,1.07222,1.07368,1.07123,1.07173,8254
2024-11-07 02:00:00+00:00,1.07173,1.07474,1.0717,1.07458,9364
2024-11-07 06:00:00+00:00,1.07458,1.07712,1.07406,1.07459,21160
2024-11-07 10:00:00+00:00,1.07459,1.07943,1.07459,1.07919,23603
2024-11-07 14:00:00+00:00,1.07919,1.08243,1.07808,1.08044,26940
2024-11-07 18:00:00+00:00,1.08046,1.08091,1.07666,1.08027,30842
2024-11-07 22:00:00+00:00,1.08044,1.08049,1.07786,1.07865,8501
2024-11-08 02:00:00+00:00,1.07866,1.07893,1.07761,1.07812,8865
2024-11-08 06:00:00+00:00,1.07814,1.07888,1.07605,1.07786,23461
2024-11-08 10:00:00+00:00,1.07786,1.0797,1.0744,1.07525,21648
2024-11-08 14:00:00+00:00,1.07526,1.07652,1.06864,1.07086,28414
2024-11-08 18:00:00+00:00,1.07087,1.07211,1.06994,1.07177,11836
2024-11-10 22:00:00+00:00,1.07043,1.07275,1.07023,1.07198,9431
2024-11-11 02:00:00+00:00,1.07198,1.07267,1.07074,1.0717,8092
2024-11-11 06:00:00+00:00,1.07171,1.07217,1.06676,1.0681,19564
2024-11-11 10:00:00+00:00,1.06808,1.0688,1.06362,1.06476,18257
2024-11-11 14:00:00+00:00,1.06476,1.06571,1.06281,1.06486,16524
2024-11-11 18:00:00+00:00,1.06485,1.06574,1.06455,1.06551,7474
2024-11-11 22:00:00+00:00,1.06487,1.06627,1.06473,1.06478,7265
2024-11-12 02:00:00+00:00,1.06478,1.06516,1.06374,1.06394,10081
2024-11-12 06:00:00+00:00,1.06392,1.06392,1.0616,1.06256,19199
2024-11-12 10:00:00+00:00,1.06257,1.06293,1.06058,1.06225,20823
2024-11-12 14:00:00+00:00,1.06224,1.06256,1.05946,1.06063,26192
2024-11-12 18:00:00+00:00,1.06064,1.06263,1.06061,1.06232,10653
2024-11-12 22:00:00+00:00,1.062,1.06288,1.06104,1.06275,9086
2024-11-13 02:00:00+00:00,1.06276,1.0629,1.0609,1.06126,7774
2024-11-13 06:00:00+00:00,1.06126,1.06294,1.05929,1.06264,15405
2024-11-13 10:00:00+00:00,1.06265,1.06538,1.06096,1.0636,25955
2024-11-13 14:00:00+00:00,1.06361,1.06376,1.05553,1.05684,43095
2024-11-13 18:00:00+00:00,1.05683,1.05754,1.0556,1.05637,12916
2024-11-13 22:00:00+00:00,1.05619,1.05682,1.05506,1.05556,7885
2024-11-14 02:00:00+00:00,1.05556,1.05573,1.05336,1.05467,9085
2024-11-14 06:00:00+00:00,1.05467,1.05577,1.05172,1.05198,18541
2024-11-14 10:00:00+00:00,1.052,1.05447,1.04959,1.053,29273
2024-11-14 14:00:00+00:00,1.05298,1.0582,1.0529,1.05588,30861
2024-11-14 18:00:00+00:00,1.0559,1.05601,1.05115,1.05295,20364
2024-11-14 22:00:00+00:00,1.05295,1.05411,1.05231,1.05314,8508
2024-11-15 02:00:00+00:00,1.05314,1.05456,1.05313,1.05398,8998
2024-11-15 06:00:00+00:00,1.05397,1.05795,1.05332,1.05618,18814
2024-11-15 10:00:00+00:00,1.05617,1.05924,1.05535,1.0558,25393
2024-11-15 14:00:00+00:00,1.05578,1.05629,1.05227,1.05482,36721
2024-11-15 18:00:00+00:00,1.05483,1.05543,1.05159,1.0533,14848
2024-11-17 22:00:00+00:00,1.05296,1.05501,1.05293,1.05417,10693
2024-11-18 02:00:00+00:00,1.05416,1.05461,1.05298,1.05377,8849
2024-11-18 06:00:00+00:00,1.05376,1.05708,1.05357,1.05658,16862
2024-11-18 10:00:00+00:00,1.05657,1.05682,1.0532,1.05673,17909
2024-11-18 14:00:00+00:00,1.05674,1.0592,1.05601,1.05907,20360
2024-11-18 18:00:00+00:00,1.05906,1.06067,1.05868,1.05978,9622
2024-11-18 22:00:00+00:00,1.05977,1.05992,1.05866,1.05927,7306
2024-11-19 02:00:00+00:00,1.05927,1.06004,1.05822,1.05831,9022
2024-11-19 06:00:00+00:00,1.05832,1.05958,1.05229,1.0549,23786
2024-11-19 10:00:00+00:00,1.05491,1.05968,1.05429,1.05764,19326
2024-11-19 14:00:00+00:00,1.05764,1.06002,1.05651,1.05798,24386
2024-11-19 18:00:00+00:00,1.05795,1.05974,1.05706,1.05956,9073
2024-11-19 22:00:00+00:00,1.05872,1.06093,1.05872,1.05997,5941
2024-11-20 02:00:00+00:00,1.06,1.06029,1.05861,1.05866,5254
2024-11-20 06:00:00+00:00,1.05864,1.0595,1.05526,1.05551,16013
2024-11-20 10:00:00+00:00,1.05549,1.05675,1.05417,1.05561,16279
2024-11-20 14:00:00+00:00,1.05561,1.05564,1.05062,1.05316,22037
2024-11-20 18:00:00+00:00,1.05314,1.05439,1.05251,1.05431,7806
2024-11-20 22:00:00+00:00,1.0538,1.05492,1.05379,1.05453,4244
2024-11-21 02:00:00+00:00,1.05454,1.05545,1.05453,1.05461,5217
2024-11-21 06:00:00+00:00,1.05465,1.0554,1.05135,1.05164,19102
2024-11-21 10:00:00+00:00,1.05166,1.05388,1.05134,1.05324,17925
2024-11-21 14:00:00+00:00,1.05325,1.05442,1.04617,1.04869,30593
2024-11-21 18:00:00+00:00,1.04869,1.04889,1.04713,1.04736,9613
2024-11-21 22:00:00+00:00,1.04713,1.04773,1.0466,1.04712,5679
2024-11-22 02:00:00+00:00,1.04711,1.04778,1.04611,1.04642,7131
2024-11-22 06:00:00+00:00,1.04641,1.04977,1.03311,1.04016,29008
2024-11-22 10:00:00+00:00,1.04017,1.0437,1.03845,1.0429,26863
2024-11-22 14:00:00+00:00,1.04291,1.04343,1.03916,1.04185,27778
2024-11-22 18:00:00+00:00,1.04185,1.0425,1.04076,1.04171,8909
2024-11-24 22:00:00+00:00,1.04755,1.05009,1.04607,1.04774,12420
2024-11-25 02:00:00+00:00,1.04772,1.0489,1.04741,1.04787,8510
2024-11-25 06:00:00+00:00,1.04788,1.04966,1.04484,1.04891,21661
2024-11-25 10:00:00+00:00,1.04889,1.05297,1.04736,1.0528,21612
2024-11-25 14:00:00+00:00,1.05283,1.05298,1.04661,1.04855,25768
2024-11-25 18:00:00+00:00,1.04853,1.05103,1.04853,1.04958,9157
2024-11-25 22:00:00+00:00,1.04882,1.05002,1.04246,1.04537,17915
2024-11-26 02:00:00+00:00,1.04541,1.04901,1.04508,1.04748,8322
2024-11-26 06:00:00+00:00,1.04748,1.05186,1.04695,1.05068,21854
2024-11-26 10:00:00+00:00,1.05068,1.05443,1.04997,1.05032,22106
2024-11-26 14:00:00+00:00,1.05031,1.05095,1.04633,1.047,27248
2024-11-26 18:00:00+00:00,1.047,1.04899,1.04567,1.04886,12889
2024-11-26 22:00:00+00:00,1.04834,1.04959,1.04834,1.04863,8036
2024-11-27 02:00:00+00:00,1.0486,1.04877,1.0474,1.04764,7055
2024-11-27 06:00:00+00:00,1.04763,1.05399,1.04749,1.05161,23910
2024-11-27 10:00:00+00:00,1.05159,1.05733,1.051,1.05723,23107
2024-11-27 14:00:00+00:00,1.05724,1.05872,1.05326,1.0576,30582
2024-11-27 18:00:00+00:00,1.0576,1.05783,1.05588,1.05661,9235
2024-11-27 22:00:00+00:00,1.05627,1.05688,1.05469,1.05568,6907
2024-11-28 02:00:00+00:00,1.05571,1.05607,1.05482,1.05496,7897
2024-11-28 06:00:00+00:00,1.05497,1.0556,1.05271,1.05316,20118
2024-11-28 10:00:00+00:00,1.05316,1.0556,1.05296,1.05334,14388
2024-11-28 14:00:00+00:00,1.05335,1.05565,1.0531,1.05524,11984
2024-11-28 18:00:00+00:00,1.05523,1.05567,1.05517,1.0553,981
2024-11-28 22:00:00+00:00,1.05395,1.05743,1.05395,1.05595,9238
2024-11-29 02:00:00+00:00,1.05594,1.05764,1.05587,1.05676,8379
2024-11-29 06:00:00+00:00,1.05675,1.05968,1.05514,1.05571,21032
2024-11-29 10:00:00+00:00,1.05571,1.05729,1.05476,1.05624,21604
2024-11-29 14:00:00+00:00,1.05625,1.05675,1.05411,1.05669,29873
2024-11-29 18:00:00+00:00,1.05672,1.05841,1.0567,1.05771,16986
2024-12-01 22:00:00+00:00,1.05595,1.05702,1.05275,1.05299,12279
2024-12-02 02:00:00+00:00,1.053,1.05316,1.05148,1.05215,10798
2024-12-02 06:00:00+00:00,1.05214,1.05367,1.04956,1.05131,30128
2024-12-02 10:00:00+00:00,1.0513,1.05378,1.04946,1.05051,28673
2024-12-02 14:00:00+00:00,1.05052,1.05143,1.04601,1.04872,37999
2024-12-02 18:00:00+00:00,1.04873,1.05156,1.04843,1.04973,14700
2024-12-02 22:00:00+00:00,1.04971,1.05011,1.04838,1.04875,7937
2024-12-03 02:00:00+00:00,1.04874,1.04941,1.04801,1.04911,8984
2024-12-03 06:00:00+00:00,1.0491,1.05304,1.0483,1.05201,22071
2024-12-03 10:00:00+00:00,1.05202,1.05295,1.05059,1.05235,19326
2024-12-03 14:00:00+00:00,1.05236,1.05299,1.04917,1.05278,31465
